DATAFLOW,LAST_UPDATE,freq,age,unit,sex,geo,TIME_PERIOD,OBS_VALUE,OBS_FLAG
ESTAT:TPS00203(1.0),14/03/24 23:00:00,A,Y15-74,PC_ACT,T,AT,2012,5.2,
ESTAT:TPS00203(1.0),14/03/24 23:00:00,A,Y15-74,PC_ACT,T,AT,2013,5.7,
ESTAT:TPS00203(1.0),14/03/24 23:00:00,A,Y15-74,PC_ACT,T,AT,2014,6.0,
ESTAT:TPS00203(1.0),14/03/24 23:00:00,A,Y15-74,PC_ACT,T,AT,2015,6.1,
ESTAT:TPS00203(1.0),14/03/24 23:00:00,A,Y15-74,PC_ACT,T,AT,2016,6.5,
ESTAT:TPS00203(1.0),14/03/24 23:00:00,A,Y15-74,PC_ACT,T,AT,2017,5.9,
ESTAT:TPS00203(1.0),14/03/24 23:00:00,A,Y15-74,PC_ACT,T,AT,2018,5.2,
ESTAT:TPS00203(1.0),14/03/24 23:00:00,A,Y15-74,PC_ACT,T,AT,2019,4.8,
ESTAT:TPS00203(1.0),14/03/24 23:00:00,A,Y15-74,PC_ACT,T,AT,2020,6.0,
ESTAT:TPS00203(1.0),14/03/24 23:00:00,A,Y15-74,PC_ACT,T,AT,2021,6.2,
ESTAT:TPS00203(1.0),14/03/24 23:00:00,A,Y15-74,PC_ACT,T,AT,2022,4.8,
ESTAT:TPS00203(1.0),14/03/24 23:00:00,A,Y15-74,PC_ACT,T,AT,2023,5.1,
ESTAT:TPS00203(1.0),14/03/24 23:00:00,A,Y15-74,PC_ACT,T,BA,2021,17.4,u
ESTAT:TPS00203(1.0),14/03/24 23:00:00,A,Y15-74,PC_ACT,T,BA,2022,15.4,u
ESTAT:TPS00203(1.0),14/03/24 23:00:00,A,Y15-74,PC_ACT,T,BE,2012,7.6,
ESTAT:TPS00203(1.0),14/03/24 23:00:00,A,Y15-74,PC_ACT,T,BE,2013,8.6,
ESTAT:TPS00203(1.0),14/03/24 23:00:00,A,Y15-74,PC_ACT,T,BE,2014,8.7,
ESTAT:TPS00203(1.0),14/03/24 23:00:00,A,Y15-74,PC_ACT,T,BE,2015,8.7,
ESTAT:TPS00203(1.0),14/03/24 23:00:00,A,Y15-74,PC_ACT,T,BE,2016,7.9,
ESTAT:TPS00203(1.0),14/03/24 23:00:00,A,Y15-74,PC_ACT,T,BE,2017,7.2,b
ESTAT:TPS00203(1.0),14/03/24 23:00:00,A,Y15-74,PC_ACT,T,BE,2018,6.0,
ESTAT:TPS00203(1.0),14/03/24 23:00:00,A,Y15-74,PC_ACT,T,BE,2019,5.5,
ESTAT:TPS00203(1.0),14/03/24 23:00:00,A,Y15-74,PC_ACT,T,BE,2020,5.8,
ESTAT:TPS00203(1.0),14/03/24 23:00:00,A,Y15-74,PC_ACT,T,BE,2021,6.3,
ESTAT:TPS00203(1.0),14/03/24 23:00:00,A,Y15-74,PC_ACT,T,BE,2022,5.6,
ESTAT:TPS00203(1.0),14/03/24 23:00:00,A,Y15-74,PC_ACT,T,BE,2023,5.5,
ESTAT:TPS00203(1.0),14/03/24 23:00:00,A,Y15-74,PC_ACT,T,BG,2012,13.3,
ESTAT:TPS00203(1.0),14/03/24 23:00:00,A,Y15-74,PC_ACT,T,BG,2013,13.9,
ESTAT:TPS00203(1.0),14/03/24 23:00:00,A,Y15-74,PC_ACT,T,BG,2014,12.4,
ESTAT:TPS00203(1.0),14/03/24 23:00:00,A,Y15-74,PC_ACT,T,BG,2015,10.1,
ESTAT:TPS00203(1.0),14/03/24 23:00:00,A,Y15-74,PC_ACT,T,BG,2016,8.6,
ESTAT:TPS00203(1.0),14/03/24 23:00:00,A,Y15-74,PC_ACT,T,BG,2017,7.2,
ESTAT:TPS00203(1.0),14/03/24 23:00:00,A,Y15-74,PC_ACT,T,BG,2018,6.2,
ESTAT:TPS00203(1.0),14/03/24 23:00:00,A,Y15-74,PC_ACT,T,BG,2019,5.2,
ESTAT:TPS00203(1.0),14/03/24 23:00:00,A,Y15-74,PC_ACT,T,BG,2020,6.1,
ESTAT:TPS00203(1.0),14/03/24 23:00:00,A,Y15-74,PC_ACT,T,BG,2021,5.3,
ESTAT:TPS00203(1.0),14/03/24 23:00:00,A,Y15-74,PC_ACT,T,BG,2022,4.2,b
ESTAT:TPS00203(1.0),14/03/24 23:00:00,A,Y15-74,PC_ACT,T,BG,2023,4.3,
ESTAT:TPS00203(1.0),14/03/24 23:00:00,A,Y15-74,PC_ACT,T,CH,2012,4.5,
ESTAT:TPS00203(1.0),14/03/24 23:00:00,A,Y15-74,PC_ACT,T,CH,2013,4.8,
ESTAT:TPS00203(1.0),14/03/24 23:00:00,A,Y15-74,PC_ACT,T,CH,2014,4.9,
ESTAT:TPS00203(1.0),14/03/24 23:00:00,A,Y15-74,PC_ACT,T,CH,2015,4.8,
ESTAT:TPS00203(1.0),14/03/24 23:00:00,A,Y15-74,PC_ACT,T,CH,2016,5.0,
ESTAT:TPS00203(1.0),14/03/24 23:00:00,A,Y15-74,PC_ACT,T,CH,2017,4.8,
ESTAT:TPS00203(1.0),14/03/24 23:00:00,A,Y15-74,PC_ACT,T,CH,2018,4.7,
ESTAT:TPS00203(1.0),14/03/24 23:00:00,A,Y15-74,PC_ACT,T,CH,2019,4.4,
ESTAT:TPS00203(1.0),14/03/24 23:00:00,A,Y15-74,PC_ACT,T,CH,2020,4.8,
ESTAT:TPS00203(1.0),14/03/24 23:00:00,A,Y15-74,PC_ACT,T,CH,2021,5.1,
ESTAT:TPS00203(1.0),14/03/24 23:00:00,A,Y15-74,PC_ACT,T,CH,2022,4.3,
ESTAT:TPS00203(1.0),14/03/24 23:00:00,A,Y15-74,PC_ACT,T,CH,2023,4.1,
ESTAT:TPS00203(1.0),14/03/24 23:00:00,A,Y15-74,PC_ACT,T,CY,2012,11.9,
ESTAT:TPS00203(1.0),14/03/24 23:00:00,A,Y15-74,PC_ACT,T,CY,2013,15.9,
ESTAT:TPS00203(1.0),14/03/24 23:00:00,A,Y15-74,PC_ACT,T,CY,2014,16.1,
ESTAT:TPS00203(1.0),14/03/24 23:00:00,A,Y15-74,PC_ACT,T,CY,2015,15.0,
ESTAT:TPS00203(1.0),14/03/24 23:00:00,A,Y15-74,PC_ACT,T,CY,2016,13.0,
ESTAT:TPS00203(1.0),14/03/24 23:00:00,A,Y15-74,PC_ACT,T,CY,2017,11.1,
ESTAT:TPS00203(1.0),14/03/24 23:00:00,A,Y15-74,PC_ACT,T,CY,2018,8.4,
ESTAT:TPS00203(1.0),14/03/24 23:00:00,A,Y15-74,PC_ACT,T,CY,2019,7.1,
ESTAT:TPS00203(1.0),14/03/24 23:00:00,A,Y15-74,PC_ACT,T,CY,2020,7.6,
ESTAT:TPS00203(1.0),14/03/24 23:00:00,A,Y15-74,PC_ACT,T,CY,2021,7.5,
ESTAT:TPS00203(1.0),14/03/24 23:00:00,A,Y15-74,PC_ACT,T,CY,2022,6.8,
ESTAT:TPS00203(1.0),14/03/24 23:00:00,A,Y15-74,PC_ACT,T,CY,2023,6.1,
ESTAT:TPS00203(1.0),14/03/24 23:00:00,A,Y15-74,PC_ACT,T,CZ,2012,7.0,
ESTAT:TPS00203(1.0),14/03/24 23:00:00,A,Y15-74,PC_ACT,T,CZ,2013,7.0,
ESTAT:TPS00203(1.0),14/03/24 23:00:00,A,Y15-74,PC_ACT,T,CZ,2014,6.1,
ESTAT:TPS00203(1.0),14/03/24 23:00:00,A,Y15-74,PC_ACT,T,CZ,2015,5.1,
ESTAT:TPS00203(1.0),14/03/24 23:00:00,A,Y15-74,PC_ACT,T,CZ,2016,4.0,
ESTAT:TPS00203(1.0),14/03/24 23:00:00,A,Y15-74,PC_ACT,T,CZ,2017,2.9,
ESTAT:TPS00203(1.0),14/03/24 23:00:00,A,Y15-74,PC_ACT,T,CZ,2018,2.2,
ESTAT:TPS00203(1.0),14/03/24 23:00:00,A,Y15-74,PC_ACT,T,CZ,2019,2.0,
ESTAT:TPS00203(1.0),14/03/24 23:00:00,A,Y15-74,PC_ACT,T,CZ,2020,2.6,
ESTAT:TPS00203(1.0),14/03/24 23:00:00,A,Y15-74,PC_ACT,T,CZ,2021,2.8,
ESTAT:TPS00203(1.0),14/03/24 23:00:00,A,Y15-74,PC_ACT,T,CZ,2022,2.2,
ESTAT:TPS00203(1.0),14/03/24 23:00:00,A,Y15-74,PC_ACT,T,CZ,2023,2.6,
ESTAT:TPS00203(1.0),14/03/24 23:00:00,A,Y15-74,PC_ACT,T,DE,2012,5.1,
ESTAT:TPS00203(1.0),14/03/24 23:00:00,A,Y15-74,PC_ACT,T,DE,2013,5.0,
ESTAT:TPS00203(1.0),14/03/24 23:00:00,A,Y15-74,PC_ACT,T,DE,2014,4.7,
ESTAT:TPS00203(1.0),14/03/24 23:00:00,A,Y15-74,PC_ACT,T,DE,2015,4.4,
ESTAT:TPS00203(1.0),14/03/24 23:00:00,A,Y15-74,PC_ACT,T,DE,2016,3.9,
ESTAT:TPS00203(1.0),14/03/24 23:00:00,A,Y15-74,PC_ACT,T,DE,2017,3.6,
ESTAT:TPS00203(1.0),14/03/24 23:00:00,A,Y15-74,PC_ACT,T,DE,2018,3.2,
ESTAT:TPS00203(1.0),14/03/24 23:00:00,A,Y15-74,PC_ACT,T,DE,2019,3.0,
ESTAT:TPS00203(1.0),14/03/24 23:00:00,A,Y15-74,PC_ACT,T,DE,2020,3.7,b
ESTAT:TPS00203(1.0),14/03/24 23:00:00,A,Y15-74,PC_ACT,T,DE,2021,3.7,
ESTAT:TPS00203(1.0),14/03/24 23:00:00,A,Y15-74,PC_ACT,T,DE,2022,3.1,
ESTAT:TPS00203(1.0),14/03/24 23:00:00,A,Y15-74,PC_ACT,T,DE,2023,3.0,
ESTAT:TPS00203(1.0),14/03/24 23:00:00,A,Y15-74,PC_ACT,T,DK,2012,7.8,
ESTAT:TPS00203(1.0),14/03/24 23:00:00,A,Y15-74,PC_ACT,T,DK,2013,7.4,
ESTAT:TPS00203(1.0),14/03/24 23:00:00,A,Y15-74,PC_ACT,T,DK,2014,6.9,
ESTAT:TPS00203(1.0),14/03/24 23:00:00,A,Y15-74,PC_ACT,T,DK,2015,6.3,
ESTAT:TPS00203(1.0),14/03/24 23:00:00,A,Y15-74,PC_ACT,T,DK,2016,6.0,b
ESTAT:TPS00203(1.0),14/03/24 23:00:00,A,Y15-74,PC_ACT,T,DK,2017,5.8,b
ESTAT:TPS00203(1.0),14/03/24 23:00:00,A,Y15-74,PC_ACT,T,DK,2018,5.1,
ESTAT:TPS00203(1.0),14/03/24 23:00:00,A,Y15-74,PC_ACT,T,DK,2019,5.0,
ESTAT:TPS00203(1.0),14/03/24 23:00:00,A,Y15-74,PC_ACT,T,DK,2020,5.6,
ESTAT:TPS00203(1.0),14/03/24 23:00:00,A,Y15-74,PC_ACT,T,DK,2021,5.1,
ESTAT:TPS00203(1.0),14/03/24 23:00:00,A,Y15-74,PC_ACT,T,DK,2022,4.5,
ESTAT:TPS00203(1.0),14/03/24 23:00:00,A,Y15-74,PC_ACT,T,DK,2023,5.1,b
ESTAT:TPS00203(1.0),14/03/24 23:00:00,A,Y15-74,PC_ACT,T,EA20,2012,11.5,
ESTAT:TPS00203(1.0),14/03/24 23:00:00,A,Y15-74,PC_ACT,T,EA20,2013,12.2,
ESTAT:TPS00203(1.0),14/03/24 23:00:00,A,Y15-74,PC_ACT,T,EA20,2014,11.7,
ESTAT:TPS00203(1.0),14/03/24 23:00:00,A,Y15-74,PC_ACT,T,EA20,2015,11.0,
ESTAT:TPS00203(1.0),14/03/24 23:00:00,A,Y15-74,PC_ACT,T,EA20,2016,10.1,
ESTAT:TPS00203(1.0),14/03/24 23:00:00,A,Y15-74,PC_ACT,T,EA20,2017,9.1,
ESTAT:TPS00203(1.0),14/03/24 23:00:00,A,Y15-74,PC_ACT,T,EA20,2018,8.2,
ESTAT:TPS00203(1.0),14/03/24 23:00:00,A,Y15-74,PC_ACT,T,EA20,2019,7.6,
ESTAT:TPS00203(1.0),14/03/24 23:00:00,A,Y15-74,PC_ACT,T,EA20,2020,8.0,
ESTAT:TPS00203(1.0),14/03/24 23:00:00,A,Y15-74,PC_ACT,T,EA20,2021,7.7,
ESTAT:TPS00203(1.0),14/03/24 23:00:00,A,Y15-74,PC_ACT,T,EA20,2022,6.8,
ESTAT:TPS00203(1.0),14/03/24 23:00:00,A,Y15-74,PC_ACT,T,EA20,2023,6.5,
ESTAT:TPS00203(1.0),14/03/24 23:00:00,A,Y15-74,PC_ACT,T,EE,2012,9.9,
ESTAT:TPS00203(1.0),14/03/24 23:00:00,A,Y15-74,PC_ACT,T,EE,2013,8.6,
ESTAT:TPS00203(1.0),14/03/24 23:00:00,A,Y15-74,PC_ACT,T,EE,2014,7.3,
ESTAT:TPS00203(1.0),14/03/24 23:00:00,A,Y15-74,PC_ACT,T,EE,2015,6.4,
ESTAT:TPS00203(1.0),14/03/24 23:00:00,A,Y15-74,PC_ACT,T,EE,2016,6.8,
ESTAT:TPS00203(1.0),14/03/24 23:00:00,A,Y15-74,PC_ACT,T,EE,2017,5.8,
ESTAT:TPS00203(1.0),14/03/24 23:00:00,A,Y15-74,PC_ACT,T,EE,2018,5.4,
ESTAT:TPS00203(1.0),14/03/24 23:00:00,A,Y15-74,PC_ACT,T,EE,2019,4.5,
ESTAT:TPS00203(1.0),14/03/24 23:00:00,A,Y15-74,PC_ACT,T,EE,2020,6.9,
ESTAT:TPS00203(1.0),14/03/24 23:00:00,A,Y15-74,PC_ACT,T,EE,2021,6.2,
ESTAT:TPS00203(1.0),14/03/24 23:00:00,A,Y15-74,PC_ACT,T,EE,2022,5.6,
ESTAT:TPS00203(1.0),14/03/24 23:00:00,A,Y15-74,PC_ACT,T,EE,2023,6.4,
ESTAT:TPS00203(1.0),14/03/24 23:00:00,A,Y15-74,PC_ACT,T,EL,2012,24.8,
ESTAT:TPS00203(1.0),14/03/24 23:00:00,A,Y15-74,PC_ACT,T,EL,2013,27.8,
ESTAT:TPS00203(1.0),14/03/24 23:00:00,A,Y15-74,PC_ACT,T,EL,2014,26.6,
ESTAT:TPS00203(1.0),14/03/24 23:00:00,A,Y15-74,PC_ACT,T,EL,2015,25.0,
ESTAT:TPS00203(1.0),14/03/24 23:00:00,A,Y15-74,PC_ACT,T,EL,2016,23.9,
ESTAT:TPS00203(1.0),14/03/24 23:00:00,A,Y15-74,PC_ACT,T,EL,2017,21.8,
ESTAT:TPS00203(1.0),14/03/24 23:00:00,A,Y15-74,PC_ACT,T,EL,2018,19.7,
ESTAT:TPS00203(1.0),14/03/24 23:00:00,A,Y15-74,PC_ACT,T,EL,2019,17.9,
ESTAT:TPS00203(1.0),14/03/24 23:00:00,A,Y15-74,PC_ACT,T,EL,2020,17.6,
ESTAT:TPS00203(1.0),14/03/24 23:00:00,A,Y15-74,PC_ACT,T,EL,2021,14.7,
ESTAT:TPS00203(1.0),14/03/24 23:00:00,A,Y15-74,PC_ACT,T,EL,2022,12.5,
ESTAT:TPS00203(1.0),14/03/24 23:00:00,A,Y15-74,PC_ACT,T,EL,2023,11.1,
ESTAT:TPS00203(1.0),14/03/24 23:00:00,A,Y15-74,PC_ACT,T,ES,2012,24.8,
ESTAT:TPS00203(1.0),14/03/24 23:00:00,A,Y15-74,PC_ACT,T,ES,2013,26.1,
ESTAT:TPS00203(1.0),14/03/24 23:00:00,A,Y15-74,PC_ACT,T,ES,2014,24.5,
ESTAT:TPS00203(1.0),14/03/24 23:00:00,A,Y15-74,PC_ACT,T,ES,2015,22.1,
ESTAT:TPS00203(1.0),14/03/24 23:00:00,A,Y15-74,PC_ACT,T,ES,2016,19.6,
ESTAT:TPS00203(1.0),14/03/24 23:00:00,A,Y15-74,PC_ACT,T,ES,2017,17.2,
ESTAT:TPS00203(1.0),14/03/24 23:00:00,A,Y15-74,PC_ACT,T,ES,2018,15.3,
ESTAT:TPS00203(1.0),14/03/24 23:00:00,A,Y15-74,PC_ACT,T,ES,2019,14.1,
ESTAT:TPS00203(1.0),14/03/24 23:00:00,A,Y15-74,PC_ACT,T,ES,2020,15.5,
ESTAT:TPS00203(1.0),14/03/24 23:00:00,A,Y15-74,PC_ACT,T,ES,2021,14.8,d
ESTAT:TPS00203(1.0),14/03/24 23:00:00,A,Y15-74,PC_ACT,T,ES,2022,12.9,d
ESTAT:TPS00203(1.0),14/03/24 23:00:00,A,Y15-74,PC_ACT,T,ES,2023,12.1,d
ESTAT:TPS00203(1.0),14/03/24 23:00:00,A,Y15-74,PC_ACT,T,EU27_2020,2012,11.1,
ESTAT:TPS00203(1.0),14/03/24 23:00:00,A,Y15-74,PC_ACT,T,EU27_2020,2013,11.6,
ESTAT:TPS00203(1.0),14/03/24 23:00:00,A,Y15-74,PC_ACT,T,EU27_2020,2014,11.0,
ESTAT:TPS00203(1.0),14/03/24 23:00:00,A,Y15-74,PC_ACT,T,EU27_2020,2015,10.2,
ESTAT:TPS00203(1.0),14/03/24 23:00:00,A,Y15-74,PC_ACT,T,EU27_2020,2016,9.3,
ESTAT:TPS00203(1.0),14/03/24 23:00:00,A,Y15-74,PC_ACT,T,EU27_2020,2017,8.3,
ESTAT:TPS00203(1.0),14/03/24 23:00:00,A,Y15-74,PC_ACT,T,EU27_2020,2018,7.4,
ESTAT:TPS00203(1.0),14/03/24 23:00:00,A,Y15-74,PC_ACT,T,EU27_2020,2019,6.8,
ESTAT:TPS00203(1.0),14/03/24 23:00:00,A,Y15-74,PC_ACT,T,EU27_2020,2020,7.2,
ESTAT:TPS00203(1.0),14/03/24 23:00:00,A,Y15-74,PC_ACT,T,EU27_2020,2021,7.1,
ESTAT:TPS00203(1.0),14/03/24 23:00:00,A,Y15-74,PC_ACT,T,EU27_2020,2022,6.2,
ESTAT:TPS00203(1.0),14/03/24 23:00:00,A,Y15-74,PC_ACT,T,EU27_2020,2023,6.0,
ESTAT:TPS00203(1.0),14/03/24 23:00:00,A,Y15-74,PC_ACT,T,FI,2012,7.9,
ESTAT:TPS00203(1.0),14/03/24 23:00:00,A,Y15-74,PC_ACT,T,FI,2013,8.3,
ESTAT:TPS00203(1.0),14/03/24 23:00:00,A,Y15-74,PC_ACT,T,FI,2014,8.7,
ESTAT:TPS00203(1.0),14/03/24 23:00:00,A,Y15-74,PC_ACT,T,FI,2015,9.4,
ESTAT:TPS00203(1.0),14/03/24 23:00:00,A,Y15-74,PC_ACT,T,FI,2016,8.9,
ESTAT:TPS00203(1.0),14/03/24 23:00:00,A,Y15-74,PC_ACT,T,FI,2017,8.7,
ESTAT:TPS00203(1.0),14/03/24 23:00:00,A,Y15-74,PC_ACT,T,FI,2018,7.5,
ESTAT:TPS00203(1.0),14/03/24 23:00:00,A,Y15-74,PC_ACT,T,FI,2019,6.8,
ESTAT:TPS00203(1.0),14/03/24 23:00:00,A,Y15-74,PC_ACT,T,FI,2020,7.7,
ESTAT:TPS00203(1.0),14/03/24 23:00:00,A,Y15-74,PC_ACT,T,FI,2021,7.7,
ESTAT:TPS00203(1.0),14/03/24 23:00:00,A,Y15-74,PC_ACT,T,FI,2022,6.8,
ESTAT:TPS00203(1.0),14/03/24 23:00:00,A,Y15-74,PC_ACT,T,FI,2023,7.2,
ESTAT:TPS00203(1.0),14/03/24 23:00:00,A,Y15-74,PC_ACT,T,FR,2012,9.8,
ESTAT:TPS00203(1.0),14/03/24 23:00:00,A,Y15-74,PC_ACT,T,FR,2013,10.3,
ESTAT:TPS00203(1.0),14/03/24 23:00:00,A,Y15-74,PC_ACT,T,FR,2014,10.3,
ESTAT:TPS00203(1.0),14/03/24 23:00:00,A,Y15-74,PC_ACT,T,FR,2015,10.3,
ESTAT:TPS00203(1.0),14/03/24 23:00:00,A,Y15-74,PC_ACT,T,FR,2016,10.1,
ESTAT:TPS00203(1.0),14/03/24 23:00:00,A,Y15-74,PC_ACT,T,FR,2017,9.4,
ESTAT:TPS00203(1.0),14/03/24 23:00:00,A,Y15-74,PC_ACT,T,FR,2018,9.0,
ESTAT:TPS00203(1.0),14/03/24 23:00:00,A,Y15-74,PC_ACT,T,FR,2019,8.4,
ESTAT:TPS00203(1.0),14/03/24 23:00:00,A,Y15-74,PC_ACT,T,FR,2020,8.0,
ESTAT:TPS00203(1.0),14/03/24 23:00:00,A,Y15-74,PC_ACT,T,FR,2021,7.9,d
ESTAT:TPS00203(1.0),14/03/24 23:00:00,A,Y15-74,PC_ACT,T,FR,2022,7.3,d
ESTAT:TPS00203(1.0),14/03/24 23:00:00,A,Y15-74,PC_ACT,T,FR,2023,7.3,d
ESTAT:TPS00203(1.0),14/03/24 23:00:00,A,Y15-74,PC_ACT,T,HR,2012,16.0,
ESTAT:TPS00203(1.0),14/03/24 23:00:00,A,Y15-74,PC_ACT,T,HR,2013,17.3,
ESTAT:TPS00203(1.0),14/03/24 23:00:00,A,Y15-74,PC_ACT,T,HR,2014,17.3,
ESTAT:TPS00203(1.0),14/03/24 23:00:00,A,Y15-74,PC_ACT,T,HR,2015,16.2,
ESTAT:TPS00203(1.0),14/03/24 23:00:00,A,Y15-74,PC_ACT,T,HR,2016,13.1,
ESTAT:TPS00203(1.0),14/03/24 23:00:00,A,Y15-74,PC_ACT,T,HR,2017,11.2,
ESTAT:TPS00203(1.0),14/03/24 23:00:00,A,Y15-74,PC_ACT,T,HR,2018,8.5,
ESTAT:TPS00203(1.0),14/03/24 23:00:00,A,Y15-74,PC_ACT,T,HR,2019,6.6,
ESTAT:TPS00203(1.0),14/03/24 23:00:00,A,Y15-74,PC_ACT,T,HR,2020,7.5,
ESTAT:TPS00203(1.0),14/03/24 23:00:00,A,Y15-74,PC_ACT,T,HR,2021,7.6,
ESTAT:TPS00203(1.0),14/03/24 23:00:00,A,Y15-74,PC_ACT,T,HR,2022,7.0,
ESTAT:TPS00203(1.0),14/03/24 23:00:00,A,Y15-74,PC_ACT,T,HR,2023,6.1,b
ESTAT:TPS00203(1.0),14/03/24 23:00:00,A,Y15-74,PC_ACT,T,HU,2012,10.7,
ESTAT:TPS00203(1.0),14/03/24 23:00:00,A,Y15-74,PC_ACT,T,HU,2013,9.8,
ESTAT:TPS00203(1.0),14/03/24 23:00:00,A,Y15-74,PC_ACT,T,HU,2014,7.5,
ESTAT:TPS00203(1.0),14/03/24 23:00:00,A,Y15-74,PC_ACT,T,HU,2015,6.6,
ESTAT:TPS00203(1.0),14/03/24 23:00:00,A,Y15-74,PC_ACT,T,HU,2016,5.0,
ESTAT:TPS00203(1.0),14/03/24 23:00:00,A,Y15-74,PC_ACT,T,HU,2017,4.0,
ESTAT:TPS00203(1.0),14/03/24 23:00:00,A,Y15-74,PC_ACT,T,HU,2018,3.6,
ESTAT:TPS00203(1.0),14/03/24 23:00:00,A,Y15-74,PC_ACT,T,HU,2019,3.3,
ESTAT:TPS00203(1.0),14/03/24 23:00:00,A,Y15-74,PC_ACT,T,HU,2020,4.1,
ESTAT:TPS00203(1.0),14/03/24 23:00:00,A,Y15-74,PC_ACT,T,HU,2021,4.1,
ESTAT:TPS00203(1.0),14/03/24 23:00:00,A,Y15-74,PC_ACT,T,HU,2022,3.6,
ESTAT:TPS00203(1.0),14/03/24 23:00:00,A,Y15-74,PC_ACT,T,HU,2023,4.1,
ESTAT:TPS00203(1.0),14/03/24 23:00:00,A,Y15-74,PC_ACT,T,IE,2012,15.5,
ESTAT:TPS00203(1.0),14/03/24 23:00:00,A,Y15-74,PC_ACT,T,IE,2013,13.8,
ESTAT:TPS00203(1.0),14/03/24 23:00:00,A,Y15-74,PC_ACT,T,IE,2014,11.9,
ESTAT:TPS00203(1.0),14/03/24 23:00:00,A,Y15-74,PC_ACT,T,IE,2015,9.9,
ESTAT:TPS00203(1.0),14/03/24 23:00:00,A,Y15-74,PC_ACT,T,IE,2016,8.4,
ESTAT:TPS00203(1.0),14/03/24 23:00:00,A,Y15-74,PC_ACT,T,IE,2017,6.7,
ESTAT:TPS00203(1.0),14/03/24 23:00:00,A,Y15-74,PC_ACT,T,IE,2018,5.8,
ESTAT:TPS00203(1.0),14/03/24 23:00:00,A,Y15-74,PC_ACT,T,IE,2019,5.0,
ESTAT:TPS00203(1.0),14/03/24 23:00:00,A,Y15-74,PC_ACT,T,IE,2020,5.9,
ESTAT:TPS00203(1.0),14/03/24 23:00:00,A,Y15-74,PC_ACT,T,IE,2021,6.2,
ESTAT:TPS00203(1.0),14/03/24 23:00:00,A,Y15-74,PC_ACT,T,IE,2022,4.5,
ESTAT:TPS00203(1.0),14/03/24 23:00:00,A,Y15-74,PC_ACT,T,IE,2023,4.3,b
ESTAT:TPS00203(1.0),14/03/24 23:00:00,A,Y15-74,PC_ACT,T,IS,2012,6.0,
ESTAT:TPS00203(1.0),14/03/24 23:00:00,A,Y15-74,PC_ACT,T,IS,2013,5.4,
ESTAT:TPS00203(1.0),14/03/24 23:00:00,A,Y15-74,PC_ACT,T,IS,2014,4.9,
ESTAT:TPS00203(1.0),14/03/24 23:00:00,A,Y15-74,PC_ACT,T,IS,2015,4.0,
ESTAT:TPS00203(1.0),14/03/24 23:00:00,A,Y15-74,PC_ACT,T,IS,2016,3.0,
ESTAT:TPS00203(1.0),14/03/24 23:00:00,A,Y15-74,PC_ACT,T,IS,2017,2.7,
ESTAT:TPS00203(1.0),14/03/24 23:00:00,A,Y15-74,PC_ACT,T,IS,2018,2.7,
ESTAT:TPS00203(1.0),14/03/24 23:00:00,A,Y15-74,PC_ACT,T,IS,2019,3.5,
ESTAT:TPS00203(1.0),14/03/24 23:00:00,A,Y15-74,PC_ACT,T,IS,2020,5.5,b
ESTAT:TPS00203(1.0),14/03/24 23:00:00,A,Y15-74,PC_ACT,T,IS,2021,6.1,
ESTAT:TPS00203(1.0),14/03/24 23:00:00,A,Y15-74,PC_ACT,T,IS,2022,3.8,
ESTAT:TPS00203(1.0),14/03/24 23:00:00,A,Y15-74,PC_ACT,T,IS,2023,3.5,
ESTAT:TPS00203(1.0),14/03/24 23:00:00,A,Y15-74,PC_ACT,T,IT,2012,10.9,
ESTAT:TPS00203(1.0),14/03/24 23:00:00,A,Y15-74,PC_ACT,T,IT,2013,12.4,
ESTAT:TPS00203(1.0),14/03/24 23:00:00,A,Y15-74,PC_ACT,T,IT,2014,12.9,
ESTAT:TPS00203(1.0),14/03/24 23:00:00,A,Y15-74,PC_ACT,T,IT,2015,12.0,
ESTAT:TPS00203(1.0),14/03/24 23:00:00,A,Y15-74,PC_ACT,T,IT,2016,11.7,
ESTAT:TPS00203(1.0),14/03/24 23:00:00,A,Y15-74,PC_ACT,T,IT,2017,11.3,
ESTAT:TPS00203(1.0),14/03/24 23:00:00,A,Y15-74,PC_ACT,T,IT,2018,10.6,b
ESTAT:TPS00203(1.0),14/03/24 23:00:00,A,Y15-74,PC_ACT,T,IT,2019,9.9,
ESTAT:TPS00203(1.0),14/03/24 23:00:00,A,Y15-74,PC_ACT,T,IT,2020,9.3,
ESTAT:TPS00203(1.0),14/03/24 23:00:00,A,Y15-74,PC_ACT,T,IT,2021,9.5,
ESTAT:TPS00203(1.0),14/03/24 23:00:00,A,Y15-74,PC_ACT,T,IT,2022,8.1,
ESTAT:TPS00203(1.0),14/03/24 23:00:00,A,Y15-74,PC_ACT,T,IT,2023,7.7,
ESTAT:TPS00203(1.0),14/03/24 23:00:00,A,Y15-74,PC_ACT,T,LT,2012,13.4,
ESTAT:TPS00203(1.0),14/03/24 23:00:00,A,Y15-74,PC_ACT,T,LT,2013,11.8,
ESTAT:TPS00203(1.0),14/03/24 23:00:00,A,Y15-74,PC_ACT,T,LT,2014,10.7,
ESTAT:TPS00203(1.0),14/03/24 23:00:00,A,Y15-74,PC_ACT,T,LT,2015,9.1,
ESTAT:TPS00203(1.0),14/03/24 23:00:00,A,Y15-74,PC_ACT,T,LT,2016,7.9,
ESTAT:TPS00203(1.0),14/03/24 23:00:00,A,Y15-74,PC_ACT,T,LT,2017,7.1,
ESTAT:TPS00203(1.0),14/03/24 23:00:00,A,Y15-74,PC_ACT,T,LT,2018,6.2,
ESTAT:TPS00203(1.0),14/03/24 23:00:00,A,Y15-74,PC_ACT,T,LT,2019,6.3,
ESTAT:TPS00203(1.0),14/03/24 23:00:00,A,Y15-74,PC_ACT,T,LT,2020,8.5,
ESTAT:TPS00203(1.0),14/03/24 23:00:00,A,Y15-74,PC_ACT,T,LT,2021,7.1,
ESTAT:TPS00203(1.0),14/03/24 23:00:00,A,Y15-74,PC_ACT,T,LT,2022,6.0,
ESTAT:TPS00203(1.0),14/03/24 23:00:00,A,Y15-74,PC_ACT,T,LT,2023,6.9,
ESTAT:TPS00203(1.0),14/03/24 23:00:00,A,Y15-74,PC_ACT,T,LU,2012,5.1,
ESTAT:TPS00203(1.0),14/03/24 23:00:00,A,Y15-74,PC_ACT,T,LU,2013,5.9,
ESTAT:TPS00203(1.0),14/03/24 23:00:00,A,Y15-74,PC_ACT,T,LU,2014,5.9,
ESTAT:TPS00203(1.0),14/03/24 23:00:00,A,Y15-74,PC_ACT,T,LU,2015,6.7,b
ESTAT:TPS00203(1.0),14/03/24 23:00:00,A,Y15-74,PC_ACT,T,LU,2016,6.3,
ESTAT:TPS00203(1.0),14/03/24 23:00:00,A,Y15-74,PC_ACT,T,LU,2017,5.5,
ESTAT:TPS00203(1.0),14/03/24 23:00:00,A,Y15-74,PC_ACT,T,LU,2018,5.6,
ESTAT:TPS00203(1.0),14/03/24 23:00:00,A,Y15-74,PC_ACT,T,LU,2019,5.6,
ESTAT:TPS00203(1.0),14/03/24 23:00:00,A,Y15-74,PC_ACT,T,LU,2020,6.8,
ESTAT:TPS00203(1.0),14/03/24 23:00:00,A,Y15-74,PC_ACT,T,LU,2021,5.3,
ESTAT:TPS00203(1.0),14/03/24 23:00:00,A,Y15-74,PC_ACT,T,LU,2022,4.6,
ESTAT:TPS00203(1.0),14/03/24 23:00:00,A,Y15-74,PC_ACT,T,LU,2023,5.2,
ESTAT:TPS00203(1.0),14/03/24 23:00:00,A,Y15-74,PC_ACT,T,LV,2012,15.1,
ESTAT:TPS00203(1.0),14/03/24 23:00:00,A,Y15-74,PC_ACT,T,LV,2013,11.9,
ESTAT:TPS00203(1.0),14/03/24 23:00:00,A,Y15-74,PC_ACT,T,LV,2014,10.9,
ESTAT:TPS00203(1.0),14/03/24 23:00:00,A,Y15-74,PC_ACT,T,LV,2015,9.9,
ESTAT:TPS00203(1.0),14/03/24 23:00:00,A,Y15-74,PC_ACT,T,LV,2016,9.7,
ESTAT:TPS00203(1.0),14/03/24 23:00:00,A,Y15-74,PC_ACT,T,LV,2017,8.7,
ESTAT:TPS00203(1.0),14/03/24 23:00:00,A,Y15-74,PC_ACT,T,LV,2018,7.4,
ESTAT:TPS00203(1.0),14/03/24 23:00:00,A,Y15-74,PC_ACT,T,LV,2019,6.3,
ESTAT:TPS00203(1.0),14/03/24 23:00:00,A,Y15-74,PC_ACT,T,LV,2020,8.1,
ESTAT:TPS00203(1.0),14/03/24 23:00:00,A,Y15-74,PC_ACT,T,LV,2021,7.6,
ESTAT:TPS00203(1.0),14/03/24 23:00:00,A,Y15-74,PC_ACT,T,LV,2022,6.9,
ESTAT:TPS00203(1.0),14/03/24 23:00:00,A,Y15-74,PC_ACT,T,LV,2023,6.5,
ESTAT:TPS00203(1.0),14/03/24 23:00:00,A,Y15-74,PC_ACT,T,ME,2012,20.0,
ESTAT:TPS00203(1.0),14/03/24 23:00:00,A,Y15-74,PC_ACT,T,ME,2013,19.5,
ESTAT:TPS00203(1.0),14/03/24 23:00:00,A,Y15-74,PC_ACT,T,ME,2014,18.0,
ESTAT:TPS00203(1.0),14/03/24 23:00:00,A,Y15-74,PC_ACT,T,ME,2015,17.6,
ESTAT:TPS00203(1.0),14/03/24 23:00:00,A,Y15-74,PC_ACT,T,ME,2016,17.8,
ESTAT:TPS00203(1.0),14/03/24 23:00:00,A,Y15-74,PC_ACT,T,ME,2017,16.1,
ESTAT:TPS00203(1.0),14/03/24 23:00:00,A,Y15-74,PC_ACT,T,ME,2018,15.2,
ESTAT:TPS00203(1.0),14/03/24 23:00:00,A,Y15-74,PC_ACT,T,ME,2019,15.2,
ESTAT:TPS00203(1.0),14/03/24 23:00:00,A,Y15-74,PC_ACT,T,ME,2020,17.9,
ESTAT:TPS00203(1.0),14/03/24 23:00:00,A,Y15-74,PC_ACT,T,MK,2012,31.0,
ESTAT:TPS00203(1.0),14/03/24 23:00:00,A,Y15-74,PC_ACT,T,MK,2013,29.0,
ESTAT:TPS00203(1.0),14/03/24 23:00:00,A,Y15-74,PC_ACT,T,MK,2014,28.0,
ESTAT:TPS00203(1.0),14/03/24 23:00:00,A,Y15-74,PC_ACT,T,MK,2015,26.1,
ESTAT:TPS00203(1.0),14/03/24 23:00:00,A,Y15-74,PC_ACT,T,MK,2016,23.7,
ESTAT:TPS00203(1.0),14/03/24 23:00:00,A,Y15-74,PC_ACT,T,MK,2017,22.4,
ESTAT:TPS00203(1.0),14/03/24 23:00:00,A,Y15-74,PC_ACT,T,MK,2018,20.8,
ESTAT:TPS00203(1.0),14/03/24 23:00:00,A,Y15-74,PC_ACT,T,MK,2019,17.3,
ESTAT:TPS00203(1.0),14/03/24 23:00:00,A,Y15-74,PC_ACT,T,MK,2020,16.4,
ESTAT:TPS00203(1.0),14/03/24 23:00:00,A,Y15-74,PC_ACT,T,MT,2012,6.2,
ESTAT:TPS00203(1.0),14/03/24 23:00:00,A,Y15-74,PC_ACT,T,MT,2013,6.1,
ESTAT:TPS00203(1.0),14/03/24 23:00:00,A,Y15-74,PC_ACT,T,MT,2014,5.7,
ESTAT:TPS00203(1.0),14/03/24 23:00:00,A,Y15-74,PC_ACT,T,MT,2015,5.4,
ESTAT:TPS00203(1.0),14/03/24 23:00:00,A,Y15-74,PC_ACT,T,MT,2016,4.7,
ESTAT:TPS00203(1.0),14/03/24 23:00:00,A,Y15-74,PC_ACT,T,MT,2017,4.0,
ESTAT:TPS00203(1.0),14/03/24 23:00:00,A,Y15-74,PC_ACT,T,MT,2018,4.0,
ESTAT:TPS00203(1.0),14/03/24 23:00:00,A,Y15-74,PC_ACT,T,MT,2019,4.1,
ESTAT:TPS00203(1.0),14/03/24 23:00:00,A,Y15-74,PC_ACT,T,MT,2020,4.9,
ESTAT:TPS00203(1.0),14/03/24 23:00:00,A,Y15-74,PC_ACT,T,MT,2021,3.8,
ESTAT:TPS00203(1.0),14/03/24 23:00:00,A,Y15-74,PC_ACT,T,MT,2022,3.5,
ESTAT:TPS00203(1.0),14/03/24 23:00:00,A,Y15-74,PC_ACT,T,MT,2023,3.1,
ESTAT:TPS00203(1.0),14/03/24 23:00:00,A,Y15-74,PC_ACT,T,NL,2012,6.8,
ESTAT:TPS00203(1.0),14/03/24 23:00:00,A,Y15-74,PC_ACT,T,NL,2013,8.2,
ESTAT:TPS00203(1.0),14/03/24 23:00:00,A,Y15-74,PC_ACT,T,NL,2014,8.4,
ESTAT:TPS00203(1.0),14/03/24 23:00:00,A,Y15-74,PC_ACT,T,NL,2015,7.9,
ESTAT:TPS00203(1.0),14/03/24 23:00:00,A,Y15-74,PC_ACT,T,NL,2016,7.0,
ESTAT:TPS00203(1.0),14/03/24 23:00:00,A,Y15-74,PC_ACT,T,NL,2017,5.9,
ESTAT:TPS00203(1.0),14/03/24 23:00:00,A,Y15-74,PC_ACT,T,NL,2018,4.9,
ESTAT:TPS00203(1.0),14/03/24 23:00:00,A,Y15-74,PC_ACT,T,NL,2019,4.4,
ESTAT:TPS00203(1.0),14/03/24 23:00:00,A,Y15-74,PC_ACT,T,NL,2020,4.9,
ESTAT:TPS00203(1.0),14/03/24 23:00:00,A,Y15-74,PC_ACT,T,NL,2021,4.2,
ESTAT:TPS00203(1.0),14/03/24 23:00:00,A,Y15-74,PC_ACT,T,NL,2022,3.5,
ESTAT:TPS00203(1.0),14/03/24 23:00:00,A,Y15-74,PC_ACT,T,NL,2023,3.6,
ESTAT:TPS00203(1.0),14/03/24 23:00:00,A,Y15-74,PC_ACT,T,NO,2012,3.5,
ESTAT:TPS00203(1.0),14/03/24 23:00:00,A,Y15-74,PC_ACT,T,NO,2013,3.9,
ESTAT:TPS00203(1.0),14/03/24 23:00:00,A,Y15-74,PC_ACT,T,NO,2014,3.8,
ESTAT:TPS00203(1.0),14/03/24 23:00:00,A,Y15-74,PC_ACT,T,NO,2015,4.7,
ESTAT:TPS00203(1.0),14/03/24 23:00:00,A,Y15-74,PC_ACT,T,NO,2016,4.9,
ESTAT:TPS00203(1.0),14/03/24 23:00:00,A,Y15-74,PC_ACT,T,NO,2017,4.4,
ESTAT:TPS00203(1.0),14/03/24 23:00:00,A,Y15-74,PC_ACT,T,NO,2018,4.0,
ESTAT:TPS00203(1.0),14/03/24 23:00:00,A,Y15-74,PC_ACT,T,NO,2019,3.9,
ESTAT:TPS00203(1.0),14/03/24 23:00:00,A,Y15-74,PC_ACT,T,NO,2020,4.7,
ESTAT:TPS00203(1.0),14/03/24 23:00:00,A,Y15-74,PC_ACT,T,NO,2021,4.4,
ESTAT:TPS00203(1.0),14/03/24 23:00:00,A,Y15-74,PC_ACT,T,NO,2022,3.2,
ESTAT:TPS00203(1.0),14/03/24 23:00:00,A,Y15-74,PC_ACT,T,NO,2023,3.6,
ESTAT:TPS00203(1.0),14/03/24 23:00:00,A,Y15-74,PC_ACT,T,PL,2012,10.4,
ESTAT:TPS00203(1.0),14/03/24 23:00:00,A,Y15-74,PC_ACT,T,PL,2013,10.6,
ESTAT:TPS00203(1.0),14/03/24 23:00:00,A,Y15-74,PC_ACT,T,PL,2014,9.2,
ESTAT:TPS00203(1.0),14/03/24 23:00:00,A,Y15-74,PC_ACT,T,PL,2015,7.7,
ESTAT:TPS00203(1.0),14/03/24 23:00:00,A,Y15-74,PC_ACT,T,PL,2016,6.3,
ESTAT:TPS00203(1.0),14/03/24 23:00:00,A,Y15-74,PC_ACT,T,PL,2017,5.0,
ESTAT:TPS00203(1.0),14/03/24 23:00:00,A,Y15-74,PC_ACT,T,PL,2018,3.9,
ESTAT:TPS00203(1.0),14/03/24 23:00:00,A,Y15-74,PC_ACT,T,PL,2019,3.3,
ESTAT:TPS00203(1.0),14/03/24 23:00:00,A,Y15-74,PC_ACT,T,PL,2020,3.2,
ESTAT:TPS00203(1.0),14/03/24 23:00:00,A,Y15-74,PC_ACT,T,PL,2021,3.4,
ESTAT:TPS00203(1.0),14/03/24 23:00:00,A,Y15-74,PC_ACT,T,PL,2022,2.9,
ESTAT:TPS00203(1.0),14/03/24 23:00:00,A,Y15-74,PC_ACT,T,PL,2023,2.8,b
ESTAT:TPS00203(1.0),14/03/24 23:00:00,A,Y15-74,PC_ACT,T,PT,2012,16.6,
ESTAT:TPS00203(1.0),14/03/24 23:00:00,A,Y15-74,PC_ACT,T,PT,2013,17.2,
ESTAT:TPS00203(1.0),14/03/24 23:00:00,A,Y15-74,PC_ACT,T,PT,2014,14.6,
ESTAT:TPS00203(1.0),14/03/24 23:00:00,A,Y15-74,PC_ACT,T,PT,2015,13.0,
ESTAT:TPS00203(1.0),14/03/24 23:00:00,A,Y15-74,PC_ACT,T,PT,2016,11.5,
ESTAT:TPS00203(1.0),14/03/24 23:00:00,A,Y15-74,PC_ACT,T,PT,2017,9.2,
ESTAT:TPS00203(1.0),14/03/24 23:00:00,A,Y15-74,PC_ACT,T,PT,2018,7.2,
ESTAT:TPS00203(1.0),14/03/24 23:00:00,A,Y15-74,PC_ACT,T,PT,2019,6.7,
ESTAT:TPS00203(1.0),14/03/24 23:00:00,A,Y15-74,PC_ACT,T,PT,2020,7.0,
ESTAT:TPS00203(1.0),14/03/24 23:00:00,A,Y15-74,PC_ACT,T,PT,2021,6.7,
ESTAT:TPS00203(1.0),14/03/24 23:00:00,A,Y15-74,PC_ACT,T,PT,2022,6.2,
ESTAT:TPS00203(1.0),14/03/24 23:00:00,A,Y15-74,PC_ACT,T,PT,2023,6.5,
ESTAT:TPS00203(1.0),14/03/24 23:00:00,A,Y15-74,PC_ACT,T,RO,2012,8.7,
ESTAT:TPS00203(1.0),14/03/24 23:00:00,A,Y15-74,PC_ACT,T,RO,2013,9.0,
ESTAT:TPS00203(1.0),14/03/24 23:00:00,A,Y15-74,PC_ACT,T,RO,2014,8.6,
ESTAT:TPS00203(1.0),14/03/24 23:00:00,A,Y15-74,PC_ACT,T,RO,2015,8.4,
ESTAT:TPS00203(1.0),14/03/24 23:00:00,A,Y15-74,PC_ACT,T,RO,2016,7.2,
ESTAT:TPS00203(1.0),14/03/24 23:00:00,A,Y15-74,PC_ACT,T,RO,2017,6.1,
ESTAT:TPS00203(1.0),14/03/24 23:00:00,A,Y15-74,PC_ACT,T,RO,2018,5.3,
ESTAT:TPS00203(1.0),14/03/24 23:00:00,A,Y15-74,PC_ACT,T,RO,2019,4.9,
ESTAT:TPS00203(1.0),14/03/24 23:00:00,A,Y15-74,PC_ACT,T,RO,2020,6.1,
ESTAT:TPS00203(1.0),14/03/24 23:00:00,A,Y15-74,PC_ACT,T,RO,2021,5.6,
ESTAT:TPS00203(1.0),14/03/24 23:00:00,A,Y15-74,PC_ACT,T,RO,2022,5.6,
ESTAT:TPS00203(1.0),14/03/24 23:00:00,A,Y15-74,PC_ACT,T,RO,2023,5.6,
ESTAT:TPS00203(1.0),14/03/24 23:00:00,A,Y15-74,PC_ACT,T,RS,2012,26.0,
ESTAT:TPS00203(1.0),14/03/24 23:00:00,A,Y15-74,PC_ACT,T,RS,2013,24.2,
ESTAT:TPS00203(1.0),14/03/24 23:00:00,A,Y15-74,PC_ACT,T,RS,2014,20.7,
ESTAT:TPS00203(1.0),14/03/24 23:00:00,A,Y15-74,PC_ACT,T,RS,2015,19.0,
ESTAT:TPS00203(1.0),14/03/24 23:00:00,A,Y15-74,PC_ACT,T,RS,2016,16.5,
ESTAT:TPS00203(1.0),14/03/24 23:00:00,A,Y15-74,PC_ACT,T,RS,2017,14.6,
ESTAT:TPS00203(1.0),14/03/24 23:00:00,A,Y15-74,PC_ACT,T,RS,2018,13.8,
ESTAT:TPS00203(1.0),14/03/24 23:00:00,A,Y15-74,PC_ACT,T,RS,2019,11.3,
ESTAT:TPS00203(1.0),14/03/24 23:00:00,A,Y15-74,PC_ACT,T,RS,2020,9.8,
ESTAT:TPS00203(1.0),14/03/24 23:00:00,A,Y15-74,PC_ACT,T,RS,2021,11.1,
ESTAT:TPS00203(1.0),14/03/24 23:00:00,A,Y15-74,PC_ACT,T,RS,2022,9.4,
ESTAT:TPS00203(1.0),14/03/24 23:00:00,A,Y15-74,PC_ACT,T,RS,2023,9.5,b
ESTAT:TPS00203(1.0),14/03/24 23:00:00,A,Y15-74,PC_ACT,T,SE,2012,8.1,
ESTAT:TPS00203(1.0),14/03/24 23:00:00,A,Y15-74,PC_ACT,T,SE,2013,8.2,
ESTAT:TPS00203(1.0),14/03/24 23:00:00,A,Y15-74,PC_ACT,T,SE,2014,8.1,
ESTAT:TPS00203(1.0),14/03/24 23:00:00,A,Y15-74,PC_ACT,T,SE,2015,7.6,
ESTAT:TPS00203(1.0),14/03/24 23:00:00,A,Y15-74,PC_ACT,T,SE,2016,7.1,
ESTAT:TPS00203(1.0),14/03/24 23:00:00,A,Y15-74,PC_ACT,T,SE,2017,6.8,
ESTAT:TPS00203(1.0),14/03/24 23:00:00,A,Y15-74,PC_ACT,T,SE,2018,6.5,b
ESTAT:TPS00203(1.0),14/03/24 23:00:00,A,Y15-74,PC_ACT,T,SE,2019,7.0,
ESTAT:TPS00203(1.0),14/03/24 23:00:00,A,Y15-74,PC_ACT,T,SE,2020,8.5,
ESTAT:TPS00203(1.0),14/03/24 23:00:00,A,Y15-74,PC_ACT,T,SE,2021,8.8,
ESTAT:TPS00203(1.0),14/03/24 23:00:00,A,Y15-74,PC_ACT,T,SE,2022,7.5,
ESTAT:TPS00203(1.0),14/03/24 23:00:00,A,Y15-74,PC_ACT,T,SE,2023,7.7,
ESTAT:TPS00203(1.0),14/03/24 23:00:00,A,Y15-74,PC_ACT,T,SI,2012,8.9,
ESTAT:TPS00203(1.0),14/03/24 23:00:00,A,Y15-74,PC_ACT,T,SI,2013,10.1,
ESTAT:TPS00203(1.0),14/03/24 23:00:00,A,Y15-74,PC_ACT,T,SI,2014,9.7,
ESTAT:TPS00203(1.0),14/03/24 23:00:00,A,Y15-74,PC_ACT,T,SI,2015,9.0,
ESTAT:TPS00203(1.0),14/03/24 23:00:00,A,Y15-74,PC_ACT,T,SI,2016,8.0,
ESTAT:TPS00203(1.0),14/03/24 23:00:00,A,Y15-74,PC_ACT,T,SI,2017,6.6,
ESTAT:TPS00203(1.0),14/03/24 23:00:00,A,Y15-74,PC_ACT,T,SI,2018,5.1,
ESTAT:TPS00203(1.0),14/03/24 23:00:00,A,Y15-74,PC_ACT,T,SI,2019,4.4,
ESTAT:TPS00203(1.0),14/03/24 23:00:00,A,Y15-74,PC_ACT,T,SI,2020,5.0,
ESTAT:TPS00203(1.0),14/03/24 23:00:00,A,Y15-74,PC_ACT,T,SI,2021,4.8,
ESTAT:TPS00203(1.0),14/03/24 23:00:00,A,Y15-74,PC_ACT,T,SI,2022,4.0,
ESTAT:TPS00203(1.0),14/03/24 23:00:00,A,Y15-74,PC_ACT,T,SI,2023,3.7,
ESTAT:TPS00203(1.0),14/03/24 23:00:00,A,Y15-74,PC_ACT,T,SK,2012,13.9,
ESTAT:TPS00203(1.0),14/03/24 23:00:00,A,Y15-74,PC_ACT,T,SK,2013,14.1,
ESTAT:TPS00203(1.0),14/03/24 23:00:00,A,Y15-74,PC_ACT,T,SK,2014,13.1,
ESTAT:TPS00203(1.0),14/03/24 23:00:00,A,Y15-74,PC_ACT,T,SK,2015,11.5,
ESTAT:TPS00203(1.0),14/03/24 23:00:00,A,Y15-74,PC_ACT,T,SK,2016,9.6,
ESTAT:TPS00203(1.0),14/03/24 23:00:00,A,Y15-74,PC_ACT,T,SK,2017,8.1,
ESTAT:TPS00203(1.0),14/03/24 23:00:00,A,Y15-74,PC_ACT,T,SK,2018,6.5,
ESTAT:TPS00203(1.0),14/03/24 23:00:00,A,Y15-74,PC_ACT,T,SK,2019,5.7,
ESTAT:TPS00203(1.0),14/03/24 23:00:00,A,Y15-74,PC_ACT,T,SK,2020,6.7,
ESTAT:TPS00203(1.0),14/03/24 23:00:00,A,Y15-74,PC_ACT,T,SK,2021,6.8,
ESTAT:TPS00203(1.0),14/03/24 23:00:00,A,Y15-74,PC_ACT,T,SK,2022,6.1,
ESTAT:TPS00203(1.0),14/03/24 23:00:00,A,Y15-74,PC_ACT,T,SK,2023,5.8,
ESTAT:TPS00203(1.0),14/03/24 23:00:00,A,Y15-74,PC_ACT,T,TR,2012,8.2,
ESTAT:TPS00203(1.0),14/03/24 23:00:00,A,Y15-74,PC_ACT,T,TR,2013,8.8,
ESTAT:TPS00203(1.0),14/03/24 23:00:00,A,Y15-74,PC_ACT,T,TR,2014,9.9,b
ESTAT:TPS00203(1.0),14/03/24 23:00:00,A,Y15-74,PC_ACT,T,TR,2015,10.3,
ESTAT:TPS00203(1.0),14/03/24 23:00:00,A,Y15-74,PC_ACT,T,TR,2016,10.9,
ESTAT:TPS00203(1.0),14/03/24 23:00:00,A,Y15-74,PC_ACT,T,TR,2017,10.9,
ESTAT:TPS00203(1.0),14/03/24 23:00:00,A,Y15-74,PC_ACT,T,TR,2018,10.9,
ESTAT:TPS00203(1.0),14/03/24 23:00:00,A,Y15-74,PC_ACT,T,TR,2019,13.7,
ESTAT:TPS00203(1.0),14/03/24 23:00:00,A,Y15-74,PC_ACT,T,TR,2020,13.2,